-- phpMyAdmin SQL Dump
-- version 4.8.3
-- https://www.phpmyadmin.net/
--
-- Host: 127.0.0.1:3306
-- Creato il: Gen 23, 2019 alle 12:12
-- Versione del server: 5.7.23
-- Versione PHP: 7.2.10

SET SQL_MODE = "NO_AUTO_VALUE_ON_ZERO";
SET AUTOCOMMIT = 0;
START TRANSACTION;
SET time_zone = "+00:00";


/*!40101 SET @OLD_CHARACTER_SET_CLIENT=@@CHARACTER_SET_CLIENT */;
/*!40101 SET @OLD_CHARACTER_SET_RESULTS=@@CHARACTER_SET_RESULTS */;
/*!40101 SET @OLD_COLLATION_CONNECTION=@@COLLATION_CONNECTION */;
/*!40101 SET NAMES utf8mb4 */;

--
-- Database: `chatbot_services`
--

-- --------------------------------------------------------

--
-- Struttura della tabella `clienti`
--

DROP TABLE IF EXISTS `clienti`;
CREATE TABLE IF NOT EXISTS `clienti` (
  `id_cliente` int(11) NOT NULL AUTO_INCREMENT,
  `nome_cliente` varchar(100) COLLATE utf8_unicode_ci NOT NULL,
  PRIMARY KEY (`id_cliente`)
) ENGINE=InnoDB AUTO_INCREMENT=5 DEFAULT CHARSET=utf8 COLLATE=utf8_unicode_ci;

--
-- Dump dei dati per la tabella `clienti`
--

INSERT INTO `clienti` (`id_cliente`, `nome_cliente`) VALUES
(1, 'Vem'),
(2, 'VemProve'),
(3, 'VemTest'),
(4, 'VemWeb');

-- --------------------------------------------------------

--
-- Struttura della tabella `news`
--

DROP TABLE IF EXISTS `news`;
CREATE TABLE IF NOT EXISTS `news` (
  `id_news` int(11) NOT NULL AUTO_INCREMENT,
  `servizio` varchar(5) DEFAULT NULL,
  `news` varchar(516) DEFAULT NULL,
  `testo` varchar(519) DEFAULT NULL,
  `allegato` varchar(100) NOT NULL,
  `data_pubblicazione` datetime DEFAULT NULL,
  `data_fine_pubblicazione` datetime DEFAULT NULL,
  PRIMARY KEY (`id_news`)
) ENGINE=InnoDB AUTO_INCREMENT=36 DEFAULT CHARSET=utf8;

--
-- Dump dei dati per la tabella `news`
--

INSERT INTO `news` (`id_news`, `servizio`, `news`, `testo`, `allegato`, `data_pubblicazione`, `data_fine_pubblicazione`) VALUES
(1, 'Tutti', 'Manutenzione portale myvem', 'Gentile cliente, ti informiamo che il 24 ottobre 2018 dalle ore 13 alle ore 14 verr?ffettuata una manutenzione ordinaria del portale myvem. Lo stesso non sar?isponibile per circa 60 minuti. Ci scusiamo per il disagio. Per ogni chiarimento contattare il Backoffice Servizi: backoffice@vem.com - telefono: 0543-725005.', '', '2018-10-24 09:01:05', '2018-10-31 09:01:05'),
(2, 'Tutti', 'Manutenzione portale myvem', 'Gentile cliente, ti informiamo che il 16 ottobre 2018 dalle ore 13 alle ore 14 verr?ffettuata una manutenzione ordinaria del portale myvem. Lo stesso non sar?isponibile per circa 60 minuti. Ci scusiamo per il disagio. Per ogni chiarimento contattare il Backoffice Servizi: backoffice@vem.com - telefono: 0543-725005.', '', '2018-10-15 09:41:03', '2018-10-22 09:41:03'),
(3, 'I', 'PC Inventory: nuova grafica', 'Caro cliente, ?on piacere che ti comunichiamo che a partire dal 02 luglio p.v. verr?ubblicata la nuova versione del servizio PC Inventory. Il servizio ?tato completamente rivisto per quanto riguarda la veste grafica.Per conoscere nel dettaglio le modifiche apportate ti invitiamo a leggere il documento in allegato. Per qualsiasi chiarimento e-o approfondimento sul servizio PC Inventory ti inviatiamo a scrivere a: backoffice@vem.com', '', '2018-06-27 09:22:51', '2018-07-04 09:22:51'),
(4, 'G', 'net.privacy', 'Caro Cliente,dal 25-05 sar?isponibile la nuova versione del modulo Data Protection di myvem (ex net.privacy). Data Protection ?l modulo di my.vem dedicato alla gestione degli adempimenti richiesti dal GDPR 2016-679.Per maggiori informazioni si prega di visionare lallegato cliccando su mostra dettaglio.', '', '2018-05-24 17:44:07', '2018-05-31 17:44:07'),
(5, 'Tutti', 'Scarica lapp myvem', 'Per un servizio ancora pi??tegrato e flessibile, ?ossibile scaricare sul proprio dispositivo mobile l?pp di myvem, disponibile negli store Apple e Android.In questo modo potrai monitorare lo stato della tua infrastruttura ICT e contattare il nostro NOC-SOC con facilit? rapidit?direttamente dal tuo smartphone o dal tuo tablet.', '', '2018-05-11 12:51:17', '2018-05-18 12:51:17'),
(6, 'Tutti', 'nuovo layout portale myvem-indicazioni utili', 'Gentile Cliente come annunciato il 16 aprile ?tata rilasciata la nuova interfaccia grafica del portale myvem. In caso di problemi di visualizzazione si consiglia di svuotare la cache del browser e di rifare login. Per ogni chiarimento contattare il Backoffice Servizi: backoffice@vem.com, 0543-725005.', '', '2018-04-17 17:01:50', '2018-04-24 17:01:50'),
(7, 'Tutti', 'nuovo layout portale', 'Gentile Cliente ti annunciamo che dal 16 aprile sar?naugurata la nuova interfaccia grafica del portale myvem. La nuova interfaccia rivisita i menu in alto e di sinistra, non cambiano le funzionalit?el portale. Si consiglia di svuotare la cache del browser e di rifare login. Per maggiori informazioni si rimanda allallegato (mostra dettaglio). Per ogni chiarimento contattare il Backoffice Servizi: backoffice@vem.com, 0543-725005.', '', '2018-04-11 12:58:04', '2018-04-18 12:58:04'),
(8, 'Y, A', 'Numero di telefono fisso alternativo', 'IMPORTANTE: causa disservizio prolungato sulle linee telefoniche fisse i nostri numeri sono temporaneamente irraggiungibili. Abbiamo predisposto un numero alternativo al quale potete contattarci: 0543-1908084, in attesa che vengano ripristinati i vecchi numeri. Tutte le altre modalit?i accesso al NOC-SOC restano invariate e sono correttamente funzionanti.', '', '2017-11-13 10:51:20', '2017-11-20 10:51:20'),
(9, 'Y, A', 'Aggiornamento procedura apertura ticket via web', 'Gentile cliente,la presente per informarti che domenica 28 maggio verr?ntrodotta una modifica nellapertura dei ticket con particolare riferimento al campo Priorit?.Ti preghiamo di prendere visione della procedura in allegato in cui sono dettagliate le modifiche introdotte.Restiamo a disposizione per qualsiasi chiarimento.Cordialmente,Backoffice Servizibackoffice@vem.com', '', '2017-05-26 14:31:20', '2017-06-02 14:31:20'),
(10, 'Tutti', 'Manutenzione ordinaria', 'Gentile cliente, si informa che il 19 aprile 2017, dalle ore 06:00 alle 07:00, verr?ffettuata una rinegoziazione della connessione VPN my.vem. Questa operazione potrebbe comportare un evento di caduta del monitoraggio con conseguente riattivazione.Il nostro NOC-SOC ? disposizione per ogni chiarimento.', '', '2017-04-18 09:36:40', '2017-04-25 09:36:40'),
(11, 'Tutti', 'Manutenzione portale myvem', 'Gentile cliente, ti informiamo che il 4 gennaio 2017 dalle ore 13 alle ore 13:30 verr?ffettuata una manutenzione ordinaria del portale my.vem. Lo stesso non sar?isponibile per circa 30 minuti. Ci scusiamo per il disagio.Per ogni chiarimento contattare il Backoffice Servizi: backoffice@vem.com - telefono: 0543-725005.', '', '2017-01-04 10:01:43', '2017-01-11 10:01:43'),
(12, 'C', 'net.config: nuova grafica e nuove funzionalit?aro cliente,?on piacere che ti comunichiamo che a partire dal 28 novembre p.v. verr?ubblicata la nuova versione del servizio net.config.Il servizio ?tato completamente rivisto per quanto riguarda la veste grafica e sono state introdotte nuove funzionalit?Per conoscere nel dettaglio le modifiche apportate ti invitiamo a leggere il documento in allegato.Per qualsiasi chiarimento e-o approfondimento sul servizio net.config ti inviatiamo a scrivere a: backoffice@vem.com', NULL, '', '2016-11-21 15:56:00', '2016-11-28 15:56:00'),
(13, 'Tutti', 'Manutenzione portale myvem', 'Gentile cliente, si informa che il 30 marzo 2016 alle ore 13:00 verr?ffettuata una manutenzione ordinaria del portale my.vem. Lo stesso non sar?isponibile per 10 minuti. Per ogni chiarimento contattare il Backoffice Servizi: backoffice@vem.com - telefono: 0543-725005.', '', '2016-03-27 10:19:57', '2016-04-03 10:19:57'),
(14, 'Y, A', 'Codice telefonico di accesso NOC-SOC', 'Gentile cliente,?on piacere che ti informiamo che da oggi ?ossibile visualizzare il tuo codice telefonico per l?ccesso al NOC-SOC, direttamente dalla sezione ?elp desk?del portale myvem.comNella pagina ?lenco ticket?comparir?ome ultima colonna il  codice di accesso (6 cifre) che ti permetter?i parlare direttamente con un operatore del NOC-SOC (dopo aver composto lo 0543-725005  > scelta 1 del risponditore automatico).Per ogni chiarimento contattare il backoffice servizi: backoffice@vem.com - telefono: 0543-725005.', '', '2016-03-07 09:43:09', '2016-03-14 09:43:09'),
(15, 'Tutti', 'Nuova sezione Impostazioni', 'Gentile Cliente, ti annunciamo che dal 9 dicembre sar?ubblicata la nuova sezione impostazioni.Per maggiori dettagli, scarica il pdf allegato.Per ogni chiarimento contattare il Backoffice Servizi: backoffice@vem.com, 0543-725005.', '', '2015-12-04 09:25:41', '2015-12-11 09:25:41'),
(16, 'M', 'Nuova grafica net.watch', 'Gentile Cliente ti annunciamo che dal 15 giugno sar?naugurata la nuova interfaccia grafica di net.watch. Oltre a migliorare la user experience degli utenti la nuova interfaccia prevede alcune nuove funzionalit?Per maggiori informazioni si rimanda allallegato.Per ogni chiarimento contattare il Backoffice Servizi: backoffice@vem.com, 0543-725005.', '', '2015-06-04 11:18:07', '2015-06-11 11:18:07'),
(17, 'M,Y,A', 'Nuove icone monitor.map e area Helpdesk', 'E in corso la revisione grafica del portale my.vem.1) L08 settembre c.a. sar?ubblicata la nuova versione della sezione HELPDESK del portale, sezione da cui ?ossibile aprire ticket al nostro NOC-SOC. Tale versione differisce dalla precedente per la grafica e per ladeguamento della terminologia alle best practices ITIL.2) Il 15 settembre c.a. saranno pubblicate le nuove icone monitor.map della sezione monitoraggio (net.watch). In allegato potrete visionare in anteprima le icone nuove.', '', '2014-09-02 16:34:25', '2014-09-09 16:34:25'),
(18, 'M', 'Vulnerabilit?OS Cisco', 'E disponibile lelenco di vulnerabilit?resenti nei software Cisco IOS e NX-OS.Per visionare la funzionalit?asta entrare in Monitoraggio->Asset e scorrere fino alla tabella Vulnerabilit?Per ogni informazione aggiuntiva fare riferimento al Services Backoffice email:backoffice@vem.com, telefono: 0543-725005.', '', '2014-06-24 10:00:08', '2014-07-01 10:00:08'),
(19, 'M', 'allarme sonoro', 'E stato introdotta la possibilit?i scegliere se abilitare o disabilitare laudio a fronte di allarmi. Di default lallarme sonoro ?bilitato. Per disabilitarlo basta andare nella pagina allarmi e in alto a destra compare il simbolo dellaudio con a fianco la casella da spuntare a seconda del desiderata. Per ogni chiarimento fare riferimento al Services Backoffice, mail: backoffice@vem.com - telefono: 0543-725005. ', '', '2014-05-22 17:41:02', '2014-05-29 17:41:02'),
(20, 'C', 'Nuova ricerca net.config', 'E stata pubblicata una nuova modalit?i ricerca in net.config: permette di individuare quali comandi sono presenti sulle configurazioni e fornisce indicazioni anche su quali apparati invece non sono presenti. Per maggiori informazioni contattate il Services Backoffice backoffice@vem.com o al numero 0543-725005.', '', '2014-05-20 14:33:57', '2014-05-27 14:33:57'),
(21, 'I', 'nuovo versione agente Net.inventory 3.016', 'E stata rilasciata la nuova versione 3.016 dellagent net.inventory che aggiunge il supporto a Windows 8.1. Consigliamo il passaggio alla nuova versione. Per ogni chiarimento contattare il nostro backoffice (backoffice@vem.com).', '', '2013-12-09 10:45:18', '2013-12-16 10:45:18'),
(22, 'M', 'Novit?et.watch', 'Con piacere ti comunichiamo le ultime novit?pportate al servizio net.watchDa oggi ?nfatti possibile monitorare:-	dettaglio della velocit? del duplex sulle porte degli switch, -	stato dei peer bgp,-	MPDU (Modular Power Distribution Unit), unit?i distribuzione dellalimentazione allinterno dei rack', '', '2012-07-17 14:25:14', '2012-07-24 14:25:14'),
(23, 'Tutti', 'Richieste a backoffice', 'Gentile cliente,da oggi ?ossibile inoltrare tutte le richieste di chiarimento o di modifica del perimetro sui contratti di assistenza net.sys, net.assistance e software assurance (come la sostituzione di un device e laggiunta di referenti abilitati a chiamare il NOC) direttamente a NOC Backoffice utilizzando il form presente nella sezione help desk.', '', '2012-05-17 17:26:58', '2012-05-24 17:26:58'),
(24, 'C', 'Nuove funzionalit?et.config', 'Gentile cliente,?on piacere che ti comunichiamo alcune importanti novit?pportate al servizio net.config e di seguito elencate:-	baseline facoltativa-	cerca su macro gruppi-	report elenco dei file di flash: ios -	salvataggio e gestione delle configurazioni di apparati Fortinet.Ti invitiamo a leggere il documento allegato per conoscere nel dettaglio le nuove funzionalit?ntrodotte.Per qualsiasi chiarimento in merito ti inviamo a scrivere a backoffice@vem.com', '', '2012-05-09 16:55:32', '2012-05-16 16:55:32'),
(25, 'M', 'Nuove funzionalit?et.watch', 'Gentile cliente,?on piacere che ti comunichiamo alcuni importati novit?pportate al servizio net.watch.Troverai tutte le nuove funzionalit?escritte nel documento allegato.Per qualsiasi chiarimento in merito ti inviamo a scrivere a backoffice@vem.com', '', '2012-05-09 16:52:45', '2012-05-16 16:52:45'),
(26, 'Tutti', 'Modifica password portale myvem.com', 'Gentile Cliente,La informiamo che a partire dal 7 maggio p.v. verr?odificato il metodo di autenticazione al portale myvem.comPer motivi di sicurezza infatti la password avr?urata 6 mesi (un pop-up ne notificher?a scadenza)Per chi al 7 maggio non avesse mai modificato la password comunicata allatto di sottoscrizione dei contratti, sar?nvece richiesto il cambio immediato della password.Per qualsiasi chiarimento in merito La inviamo a scrivere a backoffice@vem.com', '', '2012-04-23 10:38:44', '2012-04-30 10:38:44'),
(27, 'I', 'Nuove funzionalit?et.Inventory', 'Gentile Cliente,con piacere ti comunico alcuni importanti aggiornamenti apportati al servizio net.inventory consultabili nel pdf allegato', '', '2012-04-03 12:12:06', '2012-04-10 12:12:06'),
(28, 'M', 'POE Policy', 'Gentile Cliente,La informiamo che net.watch permette di documentare le policy di risparmio energetico applicate alle porte degli Switch Cisco POE. Se interessato ad abilitare la funzionalit?u??ntattare il Backoffice - backoffice@vem.com.', '', '2011-10-19 20:50:50', '2011-10-26 20:50:50'),
(29, 'M', 'IP SLA', 'Gentile Cliente,La informiamo che net.watch permette di monitorare i tempi di risposta delle linee geografiche. Se interessato ad attivare questa funzionalit?crivere una email a backoffice@vem.com.', '', '2011-10-19 20:50:47', '2011-10-26 20:50:47'),
(30, 'M', 'HSRP, Failover', 'Gentile Cliente,La informiamo che net.watch permette di monitorare cambi di stato HSRP di switch e router Cisco e-o il failover di apparati Cisco ASA. A fronte di cambio di stato HSRP e failover si riceve un allarme, che sar?isibile con il cambio del colore dellicona degli apparati nella MonitorMap e nella sezione allarmi.', '', '2011-08-24 17:59:16', '2011-08-31 17:59:16'),
(31, 'M', 'Monitoring stack switch', 'Gentile Cliente,La informiamo che net.watch permette di monitorare lo stato dello stack degli apparati Cisco 3750 e 2960s. A fronte di unanomalia sullo stack si riceve un allarme, che sar?isibile con il cambio del colore dellicona degli apparati nella MonitorMap e nella sezione allarmi.', '', '2011-08-24 17:50:59', '2011-08-31 17:50:59'),
(32, 'M', 'Riverbed', 'Gentile Cliente,La informiamo che raccoglieremo informazioni aggiuntive sul monitoring riguardo apparati Riverbed. In particolare: - numero di connessioni ottimizzate- traffico ottimizzato in ingresso e in uscita (byte-sec)- % di compressione del traffico - raccolta dati di utilizzo dei link LAN e WAN anche tramite netflowLe informazioni saranno visibili nella MonitorMap, nella voce Utilizzo Device dellapparato Riverbed. Mentre i dati Netflow sono visibili attraverso i link. ', '', '2011-05-06 12:02:22', '2011-05-13 12:02:22'),
(33, 'Tutti', 'Fascia manutenzione', 'Gentile Cliente,La informiamo che ?ossibile impostare delle fasce orarie di manutenzione ripetute e schedulate sul calendario settimanale per evitare di ricevere allarmi a fronte di impostazioni per lo spegnimento notturno dei dispositivi tramite EnergyWise o per la non disponibilit?i server-servizi a fronte di backup. Per la relativa configurazione La invitiamo a contattare backoffice@vem.com.', '', '2011-05-03 10:41:40', '2011-05-10 10:41:40'),
(34, 'M', 'Wireless SSID', 'Gentile Cliente,la informiamo che raccoglieremo informazioni aggiuntive sul monitoring in ambito wireless. In particolare: -           SSID definiti su un WLC con dettagli sullautenticazione impostata, sicurezza, broadcast-           SSID configurati sui singoli AP-           Rogue AP rilevati da un WLCLe informazioni saranno visibili nella sezione delle reti wireless, cliccando sul WLC e in mappa nel men??ntestale Informazioni wlan delloggetto WLC.', '', '2011-04-19 17:25:28', '2011-04-26 17:25:28'),
(35, 'Tutti', 'Manutenzione myvem.com', 'Gentile Cliente,la presente per comunicarle che in data 9 aprile dalle ore 12:00 alle ore 15:00 saranno effettuate attivit?i manutenzione ai server web e al portale my.vem.Pertanto non sar?isponibile laccesso web per lapertura dei ticket. Il servizio via e-mail e il supporto telefonico saranno comunque attivi.Ci scusiamo per il disagio.Siamo a sua disposizione per qualsiasi chiarimento o necessit?', '', '2011-04-08 14:14:53', '2011-04-15 14:14:53');

-- --------------------------------------------------------

--
-- Struttura della tabella `news_servizi`
--

DROP TABLE IF EXISTS `news_servizi`;
CREATE TABLE IF NOT EXISTS `news_servizi` (
  `id_news` int(11) NOT NULL,
  `id_servizio` int(11) NOT NULL,
  KEY `id_news` (`id_news`),
  KEY `id_servizio` (`id_servizio`)
) ENGINE=InnoDB DEFAULT CHARSET=utf8 COLLATE=utf8_unicode_ci;

--
-- Dump dei dati per la tabella `news_servizi`
--

INSERT INTO `news_servizi` (`id_news`, `id_servizio`) VALUES
(3, 11),
(4, 14),
(12, 8),
(16, 17),
(18, 17),
(19, 17),
(20, 8),
(21, 11),
(22, 17),
(24, 8),
(25, 17),
(27, 11),
(28, 17),
(29, 17),
(30, 17),
(31, 17),
(32, 17),
(34, 17),
(1, 1),
(1, 2),
(1, 3),
(1, 4),
(1, 5),
(1, 6),
(1, 7),
(1, 8),
(1, 9),
(1, 10),
(1, 11),
(1, 12),
(1, 13),
(1, 14),
(1, 15),
(1, 16),
(1, 17),
(1, 18),
(1, 19),
(1, 20),
(1, 21),
(1, 22),
(1, 23),
(2, 1),
(2, 2),
(2, 3),
(2, 4),
(2, 5),
(2, 6),
(2, 7),
(2, 8),
(2, 9),
(2, 10),
(2, 11),
(2, 12),
(2, 13),
(2, 14),
(2, 15),
(2, 16),
(2, 17),
(2, 18),
(2, 19),
(2, 20),
(2, 21),
(2, 22),
(2, 23),
(5, 1),
(5, 2),
(5, 3),
(5, 4),
(5, 5),
(5, 6),
(5, 7),
(5, 8),
(5, 9),
(5, 10),
(5, 11),
(5, 12),
(5, 13),
(5, 14),
(5, 15),
(5, 16),
(5, 17),
(5, 18),
(5, 19),
(5, 20),
(5, 21),
(5, 22),
(5, 23),
(6, 1),
(6, 2),
(6, 3),
(6, 4),
(6, 5),
(6, 6),
(6, 7),
(6, 8),
(6, 9),
(6, 10),
(6, 11),
(6, 12),
(6, 13),
(6, 14),
(6, 15),
(6, 16),
(6, 17),
(6, 18),
(6, 19),
(6, 20),
(6, 21),
(6, 22),
(6, 23),
(7, 1),
(7, 2),
(7, 3),
(7, 4),
(7, 5),
(7, 6),
(7, 7),
(7, 8),
(7, 9),
(7, 10),
(7, 11),
(7, 12),
(7, 13),
(7, 14),
(7, 15),
(7, 16),
(7, 17),
(7, 18),
(7, 19),
(7, 20),
(7, 21),
(7, 22),
(7, 23),
(10, 1),
(10, 2),
(10, 3),
(10, 4),
(10, 5),
(10, 6),
(10, 7),
(10, 8),
(10, 9),
(10, 10),
(10, 11),
(10, 12),
(10, 13),
(10, 14),
(10, 15),
(10, 16),
(10, 17),
(10, 18),
(10, 19),
(10, 20),
(10, 21),
(10, 22),
(10, 23),
(11, 1),
(11, 2),
(11, 3),
(11, 4),
(11, 5),
(11, 6),
(11, 7),
(11, 8),
(11, 9),
(11, 10),
(11, 11),
(11, 12),
(11, 13),
(11, 14),
(11, 15),
(11, 16),
(11, 17),
(11, 18),
(11, 19),
(11, 20),
(11, 21),
(11, 22),
(11, 23),
(13, 1),
(13, 2),
(13, 3),
(13, 4),
(13, 5),
(13, 6),
(13, 7),
(13, 8),
(13, 9),
(13, 10),
(13, 11),
(13, 12),
(13, 13),
(13, 14),
(13, 15),
(13, 16),
(13, 17),
(13, 18),
(13, 19),
(13, 20),
(13, 21),
(13, 22),
(13, 23),
(15, 1),
(15, 2),
(15, 3),
(15, 4),
(15, 5),
(15, 6),
(15, 7),
(15, 8),
(15, 9),
(15, 10),
(15, 11),
(15, 12),
(15, 13),
(15, 14),
(15, 15),
(15, 16),
(15, 17),
(15, 18),
(15, 19),
(15, 20),
(15, 21),
(15, 22),
(15, 23),
(23, 1),
(23, 2),
(23, 3),
(23, 4),
(23, 5),
(23, 6),
(23, 7),
(23, 8),
(23, 9),
(23, 10),
(23, 11),
(23, 12),
(23, 13),
(23, 14),
(23, 15),
(23, 16),
(23, 17),
(23, 18),
(23, 19),
(23, 20),
(23, 21),
(23, 22),
(23, 23),
(26, 1),
(26, 2),
(26, 3),
(26, 4),
(26, 5),
(26, 6),
(26, 7),
(26, 8),
(26, 9),
(26, 10),
(26, 11),
(26, 12),
(26, 13),
(26, 14),
(26, 15),
(26, 16),
(26, 17),
(26, 18),
(26, 19),
(26, 20),
(26, 21),
(26, 22),
(26, 23),
(26, 1),
(26, 2),
(26, 3),
(26, 4),
(26, 5),
(26, 6),
(26, 7),
(26, 8),
(26, 9),
(26, 10),
(26, 11),
(26, 12),
(26, 13),
(26, 14),
(26, 15),
(26, 16),
(26, 17),
(26, 18),
(26, 19),
(26, 20),
(26, 21),
(26, 22),
(26, 23),
(33, 1),
(33, 2),
(33, 3),
(33, 4),
(33, 5),
(33, 6),
(33, 7),
(33, 8),
(33, 9),
(33, 10),
(33, 11),
(33, 12),
(33, 13),
(33, 14),
(33, 15),
(33, 16),
(33, 17),
(33, 18),
(33, 19),
(33, 20),
(33, 21),
(33, 22),
(33, 23),
(35, 1),
(35, 2),
(35, 3),
(35, 4),
(35, 5),
(35, 6),
(35, 7),
(35, 8),
(35, 9),
(35, 10),
(35, 11),
(35, 12),
(35, 13),
(35, 14),
(35, 15),
(35, 16),
(35, 17),
(35, 18),
(35, 19),
(35, 20),
(35, 21),
(35, 22),
(35, 23),
(8, 16),
(8, 7),
(9, 16),
(9, 7),
(14, 16),
(14, 7),
(17, 16),
(17, 7),
(17, 17);

-- --------------------------------------------------------

--
-- Struttura della tabella `servizi`
--

DROP TABLE IF EXISTS `servizi`;
CREATE TABLE IF NOT EXISTS `servizi` (
  `id_servizio` int(11) NOT NULL AUTO_INCREMENT,
  `sigla_servizio` varchar(10) DEFAULT NULL,
  `descrizione_servizio` varchar(100) DEFAULT NULL,
  PRIMARY KEY (`id_servizio`)
) ENGINE=InnoDB AUTO_INCREMENT=24 DEFAULT CHARSET=utf8;

--
-- Dump dei dati per la tabella `servizi`
--

INSERT INTO `servizi` (`id_servizio`, `sigla_servizio`, `descrizione_servizio`) VALUES
(1, 'W', 'servizio web Admin'),
(2, 'Z', 'servizio web Certego'),
(3, 'R', 'servizio web Delivery'),
(4, 'E', 'servizio web E-Commerce'),
(5, 'N', 'servizio web Energia'),
(6, 'P', 'servizio web IPmanger'),
(7, 'A', 'servizio web Net.Assistance'),
(8, 'C', 'servizio web Net.Config'),
(9, 'J', 'servizio web Net.datacenter'),
(10, 'B', 'servizio web Net.Facility'),
(11, 'I', 'servizio web Net.Inventory'),
(12, 'Q', 'servizio web Net.Log'),
(13, 'D', 'servizio web Net.Map'),
(14, 'G', 'servizio web Net.Privacy'),
(15, 'S', 'servizio web Net.Safe'),
(16, 'Y', 'servizio web Net.Sys'),
(17, 'M', 'servizio web Net.Watch'),
(18, 'V', 'servizio web ON services'),
(19, 'F', 'servizio web On.Face'),
(20, 'X', 'servizio web Siaas'),
(21, 'L', 'servizio web Vem.Academy'),
(22, 'K', 'servizio web Video'),
(23, 'T', 'servizio web Wattics');

-- --------------------------------------------------------

--
-- Struttura della tabella `servizi_utenti`
--

DROP TABLE IF EXISTS `servizi_utenti`;
CREATE TABLE IF NOT EXISTS `servizi_utenti` (
  `id_servizio` int(11) NOT NULL,
  `id_utente` int(11) NOT NULL,
  KEY `id_permesso` (`id_servizio`),
  KEY `id_utente` (`id_utente`)
) ENGINE=InnoDB DEFAULT CHARSET=utf8 COLLATE=utf8_unicode_ci;

--
-- Dump dei dati per la tabella `servizi_utenti`
--

INSERT INTO `servizi_utenti` (`id_servizio`, `id_utente`) VALUES
(7, 25),
(10, 25),
(8, 25),
(13, 25),
(14, 25),
(11, 25),
(9, 25),
(17, 25),
(6, 25),
(12, 25),
(3, 25),
(18, 25),
(1, 25),
(16, 25),
(2, 25),
(10, 35),
(13, 35),
(11, 35),
(9, 35),
(17, 35),
(5, 35),
(1, 35),
(16, 35),
(11, 257),
(13, 257),
(17, 257),
(7, 257),
(16, 257),
(1, 257),
(6, 257),
(21, 257),
(5, 257),
(9, 257),
(2, 257),
(12, 257),
(11, 279),
(13, 279),
(17, 279),
(15, 279),
(14, 279),
(7, 279),
(16, 279),
(1, 279),
(11, 370),
(13, 370),
(17, 370),
(7, 370),
(16, 370),
(1, 370),
(8, 370),
(5, 370),
(7, 862),
(13, 862),
(14, 862),
(11, 862),
(21, 862),
(17, 862),
(12, 862),
(1, 862),
(16, 862),
(11, 974),
(13, 974),
(17, 974),
(14, 974),
(7, 974),
(16, 974),
(1, 974),
(18, 974),
(6, 974),
(21, 974),
(3, 974),
(5, 974),
(9, 974),
(2, 974),
(12, 974),
(7, 984),
(10, 984),
(13, 984),
(14, 984),
(11, 984),
(9, 984),
(21, 984),
(17, 984),
(5, 984),
(6, 984),
(12, 984),
(18, 984),
(1, 984),
(16, 984),
(2, 984),
(11, 987),
(13, 987),
(17, 987),
(14, 987),
(7, 987),
(16, 987),
(1, 987),
(18, 987),
(21, 987),
(5, 987),
(9, 987),
(2, 987),
(7, 988),
(8, 988),
(13, 988),
(14, 988),
(11, 988),
(9, 988),
(21, 988),
(17, 988),
(5, 988),
(12, 988),
(18, 988),
(1, 988),
(16, 988),
(2, 988),
(7, 990),
(8, 990),
(13, 990),
(14, 990),
(11, 990),
(9, 990),
(21, 990),
(17, 990),
(5, 990),
(12, 990),
(1, 990),
(16, 990),
(2, 990),
(11, 1054),
(13, 1054),
(17, 1054),
(15, 1054),
(14, 1054),
(7, 1054),
(16, 1054),
(1, 1054),
(4, 1054),
(18, 1054),
(7, 1062),
(8, 1062),
(13, 1062),
(14, 1062),
(11, 1062),
(9, 1062),
(21, 1062),
(17, 1062),
(5, 1062),
(6, 1062),
(12, 1062),
(18, 1062),
(1, 1062),
(16, 1062),
(2, 1062),
(11, 1093),
(13, 1093),
(17, 1093),
(14, 1093),
(7, 1093),
(16, 1093),
(1, 1093),
(4, 1093),
(18, 1093),
(21, 1093),
(17, 1116),
(18, 1116),
(8, 1116),
(13, 1117),
(17, 1117),
(18, 1117),
(8, 1117),
(6, 1117),
(13, 1201),
(17, 1201),
(7, 1201),
(16, 1201),
(18, 1201),
(2, 1201),
(11, 1232),
(13, 1232),
(17, 1232),
(14, 1232),
(7, 1232),
(16, 1232),
(1, 1232),
(18, 1232),
(8, 1232),
(6, 1232),
(21, 1232),
(9, 1232),
(2, 1232),
(12, 1232),
(7, 1242),
(8, 1242),
(13, 1242),
(14, 1242),
(11, 1242),
(9, 1242),
(21, 1242),
(17, 1242),
(5, 1242),
(6, 1242),
(12, 1242),
(18, 1242),
(1, 1242),
(16, 1242),
(2, 1242),
(11, 1244),
(13, 1244),
(17, 1244),
(14, 1244),
(7, 1244),
(16, 1244),
(1, 1244),
(18, 1244),
(8, 1244),
(6, 1244),
(21, 1244),
(5, 1244),
(9, 1244),
(2, 1244),
(12, 1244),
(7, 1247),
(10, 1247),
(8, 1247),
(13, 1247),
(14, 1247),
(11, 1247),
(9, 1247),
(21, 1247),
(17, 1247),
(5, 1247),
(1, 1247),
(16, 1247),
(2, 1247),
(7, 1268),
(10, 1268),
(8, 1268),
(13, 1268),
(14, 1268),
(11, 1268),
(9, 1268),
(21, 1268),
(17, 1268),
(5, 1268),
(6, 1268),
(12, 1268),
(1, 1268),
(16, 1268),
(2, 1268),
(11, 1276),
(13, 1276),
(17, 1276),
(14, 1276),
(7, 1276),
(16, 1276),
(1, 1276),
(18, 1276),
(8, 1276),
(6, 1276),
(3, 1276),
(5, 1276),
(9, 1276),
(2, 1276),
(12, 1276),
(11, 1317),
(13, 1317),
(17, 1317),
(7, 1317),
(8, 1317),
(21, 1317),
(5, 1317),
(11, 1327),
(13, 1327),
(17, 1327),
(14, 1327),
(7, 1327),
(16, 1327),
(1, 1327),
(18, 1327),
(8, 1327),
(6, 1327),
(21, 1327),
(3, 1327),
(5, 1327),
(2, 1327),
(10, 1327),
(17, 1346),
(11, 1348),
(13, 1348),
(17, 1348),
(6, 1348),
(21, 1348),
(5, 1348),
(9, 1348),
(10, 1348),
(11, 1349),
(13, 1349),
(17, 1349),
(14, 1349),
(7, 1349),
(16, 1349),
(6, 1349),
(21, 1349),
(5, 1349),
(9, 1349),
(2, 1349),
(12, 1349),
(11, 1352),
(13, 1352),
(17, 1352),
(7, 1352),
(1, 1352),
(18, 1352),
(8, 1352),
(6, 1352),
(21, 1352),
(11, 1353),
(13, 1353),
(17, 1353),
(7, 1353),
(18, 1353),
(8, 1353),
(6, 1353),
(21, 1353),
(7, 1354),
(8, 1354),
(13, 1354),
(14, 1354),
(11, 1354),
(21, 1354),
(17, 1354),
(6, 1354),
(18, 1354),
(1, 1354),
(16, 1354),
(2, 1354),
(7, 1355),
(8, 1355),
(13, 1355),
(14, 1355),
(11, 1355),
(9, 1355),
(21, 1355),
(17, 1355),
(6, 1355),
(18, 1355),
(1, 1355),
(16, 1355),
(2, 1355),
(11, 1356),
(13, 1356),
(17, 1356),
(7, 1356),
(16, 1356),
(1, 1356),
(6, 1356),
(21, 1356),
(11, 1365),
(13, 1365),
(17, 1365),
(7, 1365),
(8, 1365),
(6, 1365),
(21, 1365),
(11, 1367),
(13, 1367),
(17, 1367),
(7, 1367),
(8, 1367),
(6, 1367),
(21, 1367),
(11, 1386),
(13, 1386),
(17, 1386),
(7, 1386),
(16, 1386),
(6, 1386),
(21, 1386),
(7, 1399),
(8, 1399),
(13, 1399),
(14, 1399),
(11, 1399),
(21, 1399),
(17, 1399),
(6, 1399),
(18, 1399),
(1, 1399),
(16, 1399),
(7, 1400),
(13, 1400),
(11, 1400),
(9, 1400),
(21, 1400),
(17, 1400),
(5, 1400),
(6, 1400),
(18, 1400),
(1, 1400),
(16, 1400),
(2, 1400),
(9, 1418),
(13, 1419),
(6, 1419),
(17, 1441),
(21, 1443),
(5, 1444),
(21, 1445),
(21, 1446),
(21, 1447),
(11, 1456),
(17, 1456),
(14, 1456),
(7, 1456),
(16, 1456),
(8, 1456),
(5, 1456),
(7, 1504),
(10, 1504),
(13, 1504),
(11, 1504),
(9, 1504),
(21, 1504),
(17, 1504),
(5, 1504),
(6, 1504),
(18, 1504),
(1, 1504),
(16, 1504),
(2, 1504),
(7, 1532),
(8, 1532),
(13, 1532),
(14, 1532),
(11, 1532),
(9, 1532),
(21, 1532),
(17, 1532),
(5, 1532),
(6, 1532),
(12, 1532),
(18, 1532),
(1, 1532),
(16, 1532),
(2, 1532),
(7, 1533),
(8, 1533),
(13, 1533),
(14, 1533),
(11, 1533),
(21, 1533),
(17, 1533),
(6, 1533),
(18, 1533),
(1, 1533),
(16, 1533),
(2, 1533),
(17, 1590),
(7, 1591),
(6, 1591),
(7, 1600),
(8, 1600),
(13, 1600),
(11, 1600),
(21, 1600),
(17, 1600),
(6, 1600),
(3, 1600),
(18, 1600),
(16, 1600),
(11, 1609),
(13, 1609),
(17, 1609),
(14, 1609),
(7, 1609),
(16, 1609),
(1, 1609),
(18, 1609),
(8, 1609),
(6, 1609),
(21, 1609),
(3, 1609),
(5, 1609),
(23, 1609),
(7, 1652),
(8, 1652),
(13, 1652),
(14, 1652),
(11, 1652),
(9, 1652),
(17, 1652),
(5, 1652),
(6, 1652),
(12, 1652),
(18, 1652),
(1, 1652),
(2, 1652),
(17, 1668),
(5, 1668),
(7, 1682),
(10, 1682),
(8, 1682),
(13, 1682),
(14, 1682),
(11, 1682),
(9, 1682),
(21, 1682),
(17, 1682),
(6, 1682),
(12, 1682),
(3, 1682),
(18, 1682),
(16, 1682),
(2, 1682),
(11, 1705),
(7, 1705),
(16, 1705),
(1, 1705),
(6, 1705),
(21, 1705),
(5, 1705),
(9, 1705),
(21, 1707),
(21, 1708),
(7, 1709),
(21, 1709),
(17, 1709),
(16, 1709),
(17, 1710),
(21, 1710),
(5, 1710),
(11, 1711),
(13, 1711),
(17, 1711),
(7, 1711),
(16, 1711),
(18, 1711),
(21, 1711),
(9, 1711),
(13, 1712),
(21, 1712),
(21, 1713),
(11, 1714),
(6, 1714),
(21, 1714),
(7, 1716),
(13, 1716),
(4, 1716),
(19, 1716),
(14, 1716),
(11, 1716),
(22, 1716),
(21, 1716),
(17, 1716),
(6, 1716),
(18, 1716),
(1, 1716),
(16, 1716),
(2, 1716),
(21, 1717),
(21, 1718),
(7, 1719),
(8, 1719),
(13, 1719),
(14, 1719),
(11, 1719),
(21, 1719),
(17, 1719),
(5, 1719),
(16, 1719),
(13, 1720),
(17, 1720),
(7, 1720),
(16, 1720),
(1, 1720),
(8, 1720),
(6, 1720),
(21, 1720),
(7, 1721),
(14, 1721),
(11, 1721),
(21, 1721),
(17, 1721),
(16, 1721),
(21, 1722),
(21, 1723),
(21, 1725),
(21, 1726),
(21, 1727),
(21, 1728),
(11, 1729),
(13, 1729),
(16, 1729),
(6, 1729),
(21, 1729),
(5, 1729),
(9, 1729),
(21, 1730),
(21, 1733),
(21, 1734),
(21, 1735),
(11, 1736),
(13, 1736),
(17, 1736),
(14, 1736),
(7, 1736),
(16, 1736),
(1, 1736),
(18, 1736),
(8, 1736),
(6, 1736),
(21, 1736),
(21, 1738),
(21, 1739),
(17, 1740),
(21, 1740),
(21, 1742),
(21, 1743),
(21, 1744),
(11, 1745),
(13, 1745),
(17, 1745),
(7, 1745),
(16, 1745),
(6, 1745),
(21, 1745),
(21, 1746),
(21, 1747),
(21, 1748),
(21, 1749),
(7, 1751),
(8, 1751),
(13, 1751),
(14, 1751),
(11, 1751),
(9, 1751),
(21, 1751),
(17, 1751),
(5, 1751),
(6, 1751),
(18, 1751),
(1, 1751),
(16, 1751),
(2, 1751),
(21, 1753),
(21, 1754),
(21, 1755),
(21, 1759),
(21, 1760),
(7, 1763),
(10, 1763),
(13, 1763),
(14, 1763),
(11, 1763),
(9, 1763),
(21, 1763),
(17, 1763),
(6, 1763),
(12, 1763),
(1, 1763),
(16, 1763),
(7, 1764),
(8, 1764),
(13, 1764),
(14, 1764),
(11, 1764),
(9, 1764),
(21, 1764),
(17, 1764),
(18, 1764),
(1, 1764),
(16, 1764),
(2, 1764),
(21, 1765),
(21, 1767),
(21, 1768),
(11, 1769),
(13, 1769),
(17, 1769),
(14, 1769),
(7, 1769),
(16, 1769),
(1, 1769),
(21, 1769),
(12, 1769),
(11, 1770),
(13, 1770),
(17, 1770),
(6, 1770),
(21, 1770),
(5, 1770),
(11, 1772),
(13, 1772),
(17, 1772),
(21, 1772),
(9, 1772),
(21, 1773),
(21, 1775),
(21, 1776),
(7, 1827),
(8, 1827),
(13, 1827),
(14, 1827),
(11, 1827),
(17, 1827),
(5, 1827),
(6, 1827),
(20, 1827),
(16, 1827),
(2, 1827),
(11, 1879),
(13, 1879),
(17, 1879),
(21, 1879),
(7, 1883),
(8, 1883),
(13, 1883),
(14, 1883),
(11, 1883),
(9, 1883),
(21, 1883),
(17, 1883),
(18, 1883),
(1, 1883),
(16, 1883),
(2, 1883),
(21, 1896),
(21, 1897),
(13, 1910),
(17, 1910),
(7, 1970),
(13, 1970),
(8, 1977),
(11, 1987),
(13, 1987),
(17, 1987),
(14, 1987),
(7, 1987),
(16, 1987),
(18, 1987),
(6, 1987),
(21, 1987),
(21, 2016),
(7, 2047),
(8, 2047),
(13, 2047),
(14, 2047),
(11, 2047),
(9, 2047),
(21, 2047),
(17, 2047),
(5, 2047),
(6, 2047),
(23, 2047),
(18, 2047),
(16, 2047),
(2, 2047),
(11, 2054),
(17, 2054),
(14, 2054),
(7, 2054),
(16, 2054),
(8, 2054),
(5, 2054),
(12, 2054),
(7, 2055),
(8, 2055),
(13, 2055),
(14, 2055),
(11, 2055),
(9, 2055),
(21, 2055),
(17, 2055),
(5, 2055),
(6, 2055),
(1, 2055),
(16, 2055),
(2, 2055),
(7, 2056),
(8, 2056),
(13, 2056),
(14, 2056),
(11, 2056),
(9, 2056),
(21, 2056),
(17, 2056),
(5, 2056),
(6, 2056),
(1, 2056),
(16, 2056),
(2, 2056),
(7, 2057),
(10, 2057),
(8, 2057),
(13, 2057),
(14, 2057),
(11, 2057),
(9, 2057),
(21, 2057),
(17, 2057),
(5, 2057),
(6, 2057),
(16, 2057),
(11, 2069),
(13, 2069),
(17, 2069),
(6, 2069),
(21, 2069),
(5, 2069),
(9, 2069),
(13, 2076),
(11, 2076),
(9, 2076),
(21, 2076),
(17, 2076),
(5, 2076),
(13, 2077),
(11, 2077),
(9, 2077),
(21, 2077),
(17, 2077),
(5, 2077),
(6, 2077),
(11, 2085),
(13, 2085),
(17, 2085),
(7, 2085),
(16, 2085),
(6, 2085),
(2, 2085),
(7, 2087),
(8, 2087),
(13, 2087),
(14, 2087),
(11, 2087),
(9, 2087),
(21, 2087),
(17, 2087),
(5, 2087),
(1, 2087),
(16, 2087),
(2, 2087),
(17, 2133),
(2, 2133),
(7, 2141),
(8, 2141),
(13, 2141),
(14, 2141),
(11, 2141),
(9, 2141),
(21, 2141),
(17, 2141),
(5, 2141),
(1, 2141),
(16, 2141),
(2, 2141),
(11, 2142),
(13, 2142),
(17, 2142),
(7, 2142),
(16, 2142),
(1, 2142),
(8, 2142),
(21, 2142),
(5, 2142),
(9, 2142),
(7, 2143),
(10, 2143),
(8, 2143),
(13, 2143),
(14, 2143),
(11, 2143),
(9, 2143),
(21, 2143),
(17, 2143),
(5, 2143),
(18, 2143),
(1, 2143),
(16, 2143),
(2, 2143),
(7, 2144),
(10, 2144),
(8, 2144),
(13, 2144),
(11, 2144),
(9, 2144),
(21, 2144),
(17, 2144),
(5, 2144),
(6, 2144),
(23, 2144),
(1, 2144),
(16, 2144),
(2, 2144),
(7, 2185),
(13, 2185),
(21, 2185),
(17, 2185),
(16, 2185),
(11, 2189),
(13, 2189),
(17, 2189),
(14, 2189),
(7, 2189),
(16, 2189),
(8, 2189),
(6, 2189),
(21, 2189),
(5, 2189),
(9, 2189),
(10, 2189),
(12, 2189),
(11, 2223),
(13, 2223),
(17, 2223),
(7, 2223),
(16, 2223),
(1, 2223),
(8, 2223),
(6, 2223),
(21, 2223),
(11, 2283),
(13, 2283),
(17, 2283),
(8, 2283),
(6, 2283),
(21, 2283),
(5, 2283),
(11, 2285),
(13, 2285),
(17, 2285),
(14, 2285),
(18, 2285),
(8, 2285),
(6, 2285),
(21, 2285),
(5, 2285),
(9, 2285),
(10, 2285),
(12, 2285),
(11, 2298),
(13, 2298),
(17, 2298),
(6, 2298),
(21, 2298),
(5, 2298),
(9, 2298),
(7, 2299),
(8, 2299),
(13, 2299),
(14, 2299),
(11, 2299),
(9, 2299),
(21, 2299),
(17, 2299),
(5, 2299),
(6, 2299),
(1, 2299),
(16, 2299),
(2, 2299),
(13, 2300),
(11, 2300),
(9, 2300),
(21, 2300),
(17, 2300),
(5, 2300),
(6, 2300),
(21, 2334),
(11, 2335),
(13, 2335),
(17, 2335),
(6, 2335),
(21, 2335),
(5, 2335),
(9, 2335),
(11, 2343),
(13, 2343),
(17, 2343),
(14, 2343),
(7, 2343),
(16, 2343),
(1, 2343),
(21, 2343),
(12, 2343),
(11, 2373),
(13, 2373),
(17, 2373),
(21, 2373),
(5, 2373),
(9, 2373),
(7, 2375),
(8, 2375),
(13, 2375),
(14, 2375),
(11, 2375),
(9, 2375),
(21, 2375),
(17, 2375),
(5, 2375),
(18, 2375),
(1, 2375),
(16, 2375),
(2, 2375),
(7, 2408),
(8, 2408),
(13, 2408),
(14, 2408),
(11, 2408),
(9, 2408),
(21, 2408),
(17, 2408),
(5, 2408),
(6, 2408),
(12, 2408),
(16, 2408),
(2, 2408),
(11, 2412),
(13, 2412),
(17, 2412),
(6, 2412),
(21, 2412),
(5, 2412),
(9, 2412),
(13, 2422),
(11, 2422),
(9, 2422),
(21, 2422),
(17, 2422),
(5, 2422),
(6, 2422),
(21, 2440),
(21, 2466),
(21, 2480),
(21, 2481),
(21, 2501),
(17, 2522),
(7, 2522),
(16, 2522),
(8, 2522),
(7, 2532),
(8, 2532),
(13, 2532),
(14, 2532),
(11, 2532),
(21, 2532),
(17, 2532),
(1, 2532),
(16, 2532),
(2, 2532),
(17, 2553),
(1, 2553),
(7, 2557),
(10, 2557),
(8, 2557),
(13, 2557),
(14, 2557),
(11, 2557),
(9, 2557),
(21, 2557),
(17, 2557),
(6, 2557),
(12, 2557),
(16, 2557),
(11, 2582),
(13, 2582),
(17, 2582),
(14, 2582),
(7, 2582),
(16, 2582),
(8, 2582),
(6, 2582),
(21, 2582),
(5, 2582),
(9, 2582),
(2, 2582),
(10, 2582),
(12, 2582),
(7, 2593),
(10, 2593),
(4, 2593),
(14, 2593),
(11, 2593),
(9, 2593),
(21, 2593),
(17, 2593),
(5, 2593),
(6, 2593),
(12, 2593),
(18, 2593),
(1, 2593),
(16, 2593),
(2, 2593),
(7, 2594),
(10, 2594),
(8, 2594),
(13, 2594),
(14, 2594),
(11, 2594),
(9, 2594),
(21, 2594),
(17, 2594),
(5, 2594),
(6, 2594),
(12, 2594),
(16, 2594),
(2, 2594),
(11, 2595),
(13, 2595),
(17, 2595),
(14, 2595),
(7, 2595),
(16, 2595),
(8, 2595),
(6, 2595),
(21, 2595),
(5, 2595),
(9, 2595),
(2, 2595),
(10, 2595),
(12, 2595),
(7, 2596),
(10, 2596),
(8, 2596),
(13, 2596),
(14, 2596),
(11, 2596),
(9, 2596),
(21, 2596),
(17, 2596),
(5, 2596),
(6, 2596),
(12, 2596),
(16, 2596),
(2, 2596),
(7, 2597),
(10, 2597),
(8, 2597),
(13, 2597),
(14, 2597),
(11, 2597),
(9, 2597),
(21, 2597),
(17, 2597),
(5, 2597),
(6, 2597),
(12, 2597),
(16, 2597),
(2, 2597),
(7, 2598),
(10, 2598),
(8, 2598),
(13, 2598),
(14, 2598),
(11, 2598),
(9, 2598),
(21, 2598),
(17, 2598),
(5, 2598),
(6, 2598),
(12, 2598),
(16, 2598),
(2, 2598),
(7, 2600),
(10, 2600),
(8, 2600),
(13, 2600),
(14, 2600),
(11, 2600),
(9, 2600),
(21, 2600),
(17, 2600),
(5, 2600),
(6, 2600),
(12, 2600),
(1, 2600),
(16, 2600),
(2, 2600),
(7, 2601),
(10, 2601),
(8, 2601),
(13, 2601),
(14, 2601),
(11, 2601),
(9, 2601),
(21, 2601),
(17, 2601),
(5, 2601),
(6, 2601),
(12, 2601),
(16, 2601),
(2, 2601),
(7, 2667),
(17, 2667),
(16, 2667),
(11, 2709),
(13, 2709),
(17, 2709),
(14, 2709),
(7, 2709),
(16, 2709),
(1, 2709),
(12, 2709),
(11, 2724),
(13, 2724),
(17, 2724),
(8, 2724),
(6, 2724),
(5, 2724),
(9, 2724),
(12, 2724),
(14, 2814),
(1, 2814),
(21, 2814),
(11, 2861),
(13, 2861),
(17, 2861),
(14, 2861),
(7, 2861),
(16, 2861),
(6, 2861),
(5, 2861),
(9, 2861),
(2, 2861),
(7, 2883),
(8, 2883),
(13, 2883),
(14, 2883),
(11, 2883),
(9, 2883),
(17, 2883),
(6, 2883),
(12, 2883),
(1, 2883),
(16, 2883),
(2, 2883),
(7, 2902),
(13, 2902),
(11, 2902),
(21, 2902),
(17, 2902),
(16, 2902),
(13, 2911),
(11, 2911),
(9, 2911),
(21, 2911),
(17, 2911),
(5, 2911),
(6, 2911),
(17, 2912),
(14, 2912),
(1, 2912),
(21, 2912),
(7, 2957),
(8, 2957),
(13, 2957),
(14, 2957),
(11, 2957),
(9, 2957),
(21, 2957),
(17, 2957),
(5, 2957),
(6, 2957),
(18, 2957),
(1, 2957),
(20, 2957),
(16, 2957),
(2, 2957),
(11, 2958),
(13, 2958),
(17, 2958),
(14, 2958),
(7, 2958),
(16, 2958),
(1, 2958),
(12, 2958),
(11, 2981),
(13, 2981),
(17, 2981),
(14, 2981),
(7, 2981),
(16, 2981),
(1, 2981),
(18, 2981),
(8, 2981),
(5, 2981),
(9, 2981),
(2, 2981),
(10, 2981),
(12, 2981),
(7, 2989),
(8, 2989),
(13, 2989),
(14, 2989),
(11, 2989),
(17, 2989),
(5, 2989),
(6, 2989),
(18, 2989),
(1, 2989),
(16, 2989),
(2, 2989),
(11, 2990),
(13, 2990),
(17, 2990),
(5, 2990),
(9, 2990),
(17, 3023),
(7, 3031),
(11, 3031),
(9, 3031),
(17, 3031),
(5, 3031),
(6, 3031),
(13, 3032),
(11, 3032),
(9, 3032),
(17, 3032),
(5, 3032),
(16, 3032),
(7, 3036),
(8, 3036),
(13, 3036),
(14, 3036),
(11, 3036),
(17, 3036),
(1, 3036),
(16, 3036),
(2, 3036),
(7, 3037),
(8, 3037),
(13, 3037),
(14, 3037),
(11, 3037),
(17, 3037),
(1, 3037),
(16, 3037),
(7, 3038),
(14, 3038),
(17, 3038),
(16, 3038),
(7, 3039),
(17, 3039),
(16, 3039),
(7, 3040),
(8, 3040),
(14, 3040),
(11, 3040),
(17, 3040),
(1, 3040),
(16, 3040),
(7, 3062),
(8, 3062),
(13, 3062),
(14, 3062),
(11, 3062),
(9, 3062),
(17, 3062),
(5, 3062),
(12, 3062),
(23, 3062),
(18, 3062),
(1, 3062),
(16, 3062),
(2, 3062),
(14, 3064),
(17, 3064),
(14, 3065),
(17, 3065),
(7, 3066),
(8, 3066),
(13, 3066),
(14, 3066),
(11, 3066),
(9, 3066),
(17, 3066),
(5, 3066),
(6, 3066),
(12, 3066),
(18, 3066),
(1, 3066),
(16, 3066),
(2, 3066),
(7, 3067),
(13, 3067),
(11, 3067),
(9, 3067),
(21, 3067),
(17, 3067),
(5, 3067),
(16, 3067),
(11, 3069),
(17, 3069),
(7, 3069),
(16, 3069),
(1, 3069),
(6, 3069),
(5, 3069),
(9, 3069),
(7, 3072),
(13, 3072),
(11, 3072),
(21, 3072),
(17, 3072),
(5, 3072),
(16, 3072),
(7, 3075),
(8, 3075),
(13, 3075),
(14, 3075),
(11, 3075),
(9, 3075),
(21, 3075),
(17, 3075),
(5, 3075),
(6, 3075),
(18, 3075),
(16, 3075),
(2, 3075),
(17, 3079),
(14, 3079),
(17, 3080),
(14, 3080),
(17, 3081),
(14, 3081),
(17, 3082),
(14, 3082),
(17, 3083),
(14, 3083),
(7, 3089),
(8, 3089),
(13, 3089),
(14, 3089),
(11, 3089),
(17, 3089),
(6, 3089),
(12, 3089),
(1, 3089),
(16, 3089),
(2, 3089),
(7, 3111),
(8, 3111),
(13, 3111),
(14, 3111),
(11, 3111),
(9, 3111),
(17, 3111),
(5, 3111),
(6, 3111),
(12, 3111),
(18, 3111),
(1, 3111),
(16, 3111),
(2, 3111),
(7, 3116),
(8, 3116),
(13, 3116),
(14, 3116),
(11, 3116),
(9, 3116),
(17, 3116),
(6, 3116),
(12, 3116),
(18, 3116),
(1, 3116),
(16, 3116),
(2, 3116),
(13, 3117),
(11, 3117),
(9, 3117),
(21, 3117),
(17, 3117),
(5, 3117),
(6, 3117),
(7, 3118),
(8, 3118),
(13, 3118),
(14, 3118),
(11, 3118),
(9, 3118),
(17, 3118),
(6, 3118),
(12, 3118),
(16, 3118),
(2, 3118),
(7, 3121),
(8, 3121),
(13, 3121),
(14, 3121),
(11, 3121),
(17, 3121),
(18, 3121),
(1, 3121),
(16, 3121),
(2, 3121),
(7, 3122),
(8, 3122),
(13, 3122),
(14, 3122),
(11, 3122),
(9, 3122),
(17, 3122),
(18, 3122),
(1, 3122),
(16, 3122),
(2, 3122),
(7, 3123),
(8, 3123),
(13, 3123),
(14, 3123),
(11, 3123),
(9, 3123),
(17, 3123),
(18, 3123),
(1, 3123),
(16, 3123),
(2, 3123),
(7, 3124),
(8, 3124),
(13, 3124),
(14, 3124),
(11, 3124),
(9, 3124),
(17, 3124),
(18, 3124),
(1, 3124),
(16, 3124),
(2, 3124),
(7, 3125),
(8, 3125),
(13, 3125),
(14, 3125),
(11, 3125),
(9, 3125),
(17, 3125),
(18, 3125),
(1, 3125),
(16, 3125),
(2, 3125),
(7, 3126),
(8, 3126),
(13, 3126),
(14, 3126),
(11, 3126),
(9, 3126),
(17, 3126),
(18, 3126),
(1, 3126),
(16, 3126),
(2, 3126),
(7, 3127),
(8, 3127),
(13, 3127),
(14, 3127),
(11, 3127),
(9, 3127),
(17, 3127),
(18, 3127),
(1, 3127),
(16, 3127),
(2, 3127),
(7, 3128),
(8, 3128),
(13, 3128),
(14, 3128),
(11, 3128),
(9, 3128),
(17, 3128),
(18, 3128),
(1, 3128),
(16, 3128),
(2, 3128),
(7, 3129),
(8, 3129),
(13, 3129),
(14, 3129),
(11, 3129),
(9, 3129),
(17, 3129),
(18, 3129),
(1, 3129),
(16, 3129),
(2, 3129),
(7, 3130),
(8, 3130),
(13, 3130),
(14, 3130),
(11, 3130),
(9, 3130),
(17, 3130),
(18, 3130),
(1, 3130),
(16, 3130),
(2, 3130),
(7, 3131),
(8, 3131),
(13, 3131),
(14, 3131),
(11, 3131),
(9, 3131),
(17, 3131),
(18, 3131),
(1, 3131),
(16, 3131),
(2, 3131),
(7, 3132),
(8, 3132),
(13, 3132),
(14, 3132),
(11, 3132),
(9, 3132),
(17, 3132),
(18, 3132),
(1, 3132),
(16, 3132),
(2, 3132),
(7, 3133),
(8, 3133),
(13, 3133),
(14, 3133),
(11, 3133),
(9, 3133),
(17, 3133),
(18, 3133),
(1, 3133),
(16, 3133),
(2, 3133),
(7, 3134),
(8, 3134),
(13, 3134),
(14, 3134),
(11, 3134),
(9, 3134),
(17, 3134),
(18, 3134),
(1, 3134),
(16, 3134),
(2, 3134),
(7, 3135),
(8, 3135),
(13, 3135),
(14, 3135),
(11, 3135),
(9, 3135),
(17, 3135),
(18, 3135),
(1, 3135),
(16, 3135),
(2, 3135),
(7, 3136),
(8, 3136),
(13, 3136),
(14, 3136),
(11, 3136),
(9, 3136),
(17, 3136),
(18, 3136),
(1, 3136),
(16, 3136),
(2, 3136),
(7, 3137),
(8, 3137),
(13, 3137),
(14, 3137),
(11, 3137),
(9, 3137),
(17, 3137),
(18, 3137),
(1, 3137),
(16, 3137),
(2, 3137),
(7, 3138),
(8, 3138),
(13, 3138),
(14, 3138),
(11, 3138),
(9, 3138),
(17, 3138),
(18, 3138),
(1, 3138),
(16, 3138),
(2, 3138),
(7, 3139),
(8, 3139),
(13, 3139),
(14, 3139),
(11, 3139),
(9, 3139),
(17, 3139),
(18, 3139),
(1, 3139),
(16, 3139),
(2, 3139),
(7, 3140),
(8, 3140),
(13, 3140),
(14, 3140),
(11, 3140),
(9, 3140),
(17, 3140),
(18, 3140),
(1, 3140),
(16, 3140),
(2, 3140),
(7, 3141),
(8, 3141),
(13, 3141),
(14, 3141),
(11, 3141),
(9, 3141),
(17, 3141),
(18, 3141),
(1, 3141),
(16, 3141),
(2, 3141),
(7, 3142),
(8, 3142),
(13, 3142),
(14, 3142),
(11, 3142),
(9, 3142),
(17, 3142),
(18, 3142),
(1, 3142),
(16, 3142),
(2, 3142);

-- --------------------------------------------------------

--
-- Struttura della tabella `utenti`
--

DROP TABLE IF EXISTS `utenti`;
CREATE TABLE IF NOT EXISTS `utenti` (
  `id_utente` int(11) NOT NULL,
  `id_cliente` int(11) DEFAULT NULL,
  `utente` varchar(100) DEFAULT NULL,
  `password` varchar(100) DEFAULT NULL,
  `permessi` varchar(100) DEFAULT NULL,
  `stato_monitoraggio` tinyint(1) DEFAULT NULL,
  `ultimo_accesso` datetime DEFAULT NULL,
  PRIMARY KEY (`id_utente`),
  KEY `id_cliente` (`id_cliente`)
) ENGINE=InnoDB DEFAULT CHARSET=utf8;

--
-- Dump dei dati per la tabella `utenti`
--

INSERT INTO `utenti` (`id_utente`, `id_cliente`, `utente`, `password`, `permessi`, `stato_monitoraggio`, `ultimo_accesso`) VALUES
(25, 1, 'NocAdmin                      ', 'password', 'ABCDGIJMPQRVWYZ', 1, NULL),
(35, 1, 'Valentini                     ', 'password', 'BDIJMNWY-------', 1, '2018-01-01 00:00:00'),
(257, 1, 'attanasio                     ', 'password', 'IDMAYWPLNJZQ---', 1, NULL),
(279, 2, 'test                          ', 'password', 'IDMSGAYW-------', 0, NULL),
(370, 1, 'DemoVem                       ', 'password', 'IDMAYWCN-------', 1, NULL),
(862, 1, 'reggio                        ', 'password', 'ADGILMQWY------', 1, NULL),
(974, 1, 'liverani                      ', 'password', 'IDMGAYWVPLRNJZQ', 1, NULL),
(984, 1, 'mspagnolo                     ', 'password', 'ABDGIJLMNPQVWYZ', 1, NULL),
(987, 1, 'aceccaroni                    ', 'password', 'IDMGAYWVLNJZ---', 1, NULL),
(988, 1, 'sravaglia                     ', 'password', 'ACDGIJLMNQVWYZ-', 1, NULL),
(990, 1, 'gghiselli                     ', 'password', 'ACDGIJLMNQWYZ--', 1, NULL),
(1054, 4, 'prova                         ', 'password', 'IDMSGAYWEV-----', 0, NULL),
(1062, 1, 'lroggerini                    ', 'password', 'ACDGIJLMNPQVWYZ', 1, NULL),
(1093, 1, 'rocchi                        ', 'password', 'IDMGAYWEVL-----', 1, NULL),
(1116, 3, 'nc1                           ', 'password', 'MVC------------', 1, NULL),
(1117, 3, 'nc2                           ', 'password', 'DMVCP----------', 1, NULL),
(1201, 3, 'pieri                         ', 'password', 'DMAYVZ---------', 1, NULL),
(1232, 1, 'cattabiani                    ', 'password', 'IDMGAYWVCPLJZQ-', 1, NULL),
(1242, 1, 'fronchi                       ', 'password', 'ACDGIJLMNPQVWYZ', 1, NULL),
(1244, 1, 'mcollina                      ', 'password', 'IDMGAYWVCPLNJZQ', 1, NULL),
(1247, 1, 'lfabbri                       ', 'password', 'ABCDGIJLMNWYZ--', 1, NULL),
(1261, 3, 'nocServDev                    ', 'password', '---------------', 1, NULL),
(1268, 1, 'gtoscani                      ', 'password', 'ABCDGIJLMNPQWYZ', 1, NULL),
(1276, 1, 'natalim                       ', 'password', 'IDMGAYWVCPRNJZQ', 1, NULL),
(1317, 3, 'treossi                       ', 'password', 'IDMACLN--------', 1, NULL),
(1327, 1, 'nannetti                      ', 'password', 'IDMGAYWVCPLRNZB', 1, NULL),
(1340, 3, 'prova567                      ', 'password', '---------------', 1, NULL),
(1346, 3, 'liveranif                     ', 'password', 'M--------------', 1, NULL),
(1348, 1, 'lombardim                     ', 'password', 'IDMPLNJB-------', 1, NULL),
(1349, 1, 'mcaldarelli                   ', 'password', 'IDMGAYPLNJZQ---', 1, NULL),
(1352, 1, 'belfiori                      ', 'password', 'IDMAWVCPL------', 1, NULL),
(1353, 1, 'paccapeli                     ', 'password', 'IDMAVCPL-------', 1, NULL),
(1354, 1, 'perini                        ', 'password', 'ACDGILMPVWYZ---', 1, NULL),
(1355, 1, 'piangerelli                   ', 'password', 'ACDGIJLMPVWYZ--', 1, NULL),
(1356, 1, 'grillo                        ', 'password', 'IDMAYWPL-------', 1, NULL),
(1365, 1, 'celea                         ', 'password', 'IDMACPL--------', 1, NULL),
(1367, 1, 'giorgetti                     ', 'password', 'IDMACPL--------', 1, NULL),
(1386, 1, 'zingaretti                    ', 'password', 'IDMAYPL--------', 1, NULL),
(1399, 1, 'amici                         ', 'password', 'ACDGILMPVWY----', 1, NULL),
(1400, 1, 'bossi                         ', 'password', 'ADIJLMNPVWYZ---', 1, NULL),
(1418, 3, 'provaTreossi                  ', 'password', 'J--------------', 1, NULL),
(1419, 3, 'provaTreossi2                 ', 'password', 'DP-------------', 1, NULL),
(1441, 3, 'provatreossi3                 ', 'password', 'M--------------', 1, NULL),
(1443, 3, 'pippoABC                      ', 'password', 'L--------------', 1, NULL),
(1444, 3, 'vt_utente1                    ', 'password', 'N--------------', 1, NULL),
(1445, 3, 'vt_utente2                    ', 'password', 'L--------------', 1, NULL),
(1446, 3, 'vt_utente3                    ', 'password', 'L--------------', 1, NULL),
(1447, 3, 'vt_utente5                    ', 'password', 'L--------------', 1, NULL),
(1456, 1, 'mtreossi                      ', 'password', 'IMGAYCN--------', 1, NULL),
(1504, 1, 'palazzi                       ', 'password', 'ABDIJLMNPVWYZ--', 1, NULL),
(1532, 1, 'gregianin                     ', 'password', 'ACDGIJLMNPQVWYZ', 1, NULL),
(1533, 1, 'rizzoli                       ', 'password', 'ACDGILMPVWYZ---', 1, NULL),
(1590, 3, 'provaTreossi5                 ', 'password', 'M--------------', 1, NULL),
(1591, 2, 'vp_prova1                     ', 'password', 'AP-------------', 0, NULL),
(1600, 1, 'battigaglia                   ', 'password', 'ACDILMPRVY-----', 1, NULL),
(1609, 1, 'bubani                        ', 'password', 'IDMGAYWVCPLRNT-', 1, NULL),
(1652, 1, 'zanoni                        ', 'password', 'ACDGIJMNPQVWZ--', 1, NULL),
(1668, 3, 'energia                       ', 'password', 'MN-------------', 1, NULL),
(1682, 1, 'pazi                          ', 'password', 'ABCDGIJLMPQRVYZ', 1, NULL),
(1705, 1, 'faguzzi                       ', 'password', 'IAYWPLNJ-------', 1, NULL),
(1707, 1, 'fbalestra                     ', 'password', 'L--------------', 1, NULL),
(1708, 1, 'pbassan                       ', 'password', 'L--------------', 1, NULL),
(1709, 1, 'abattistini                   ', 'password', 'ALMY-----------', 1, NULL),
(1710, 1, 'ebelloni                      ', 'password', 'MLN------------', 1, NULL),
(1711, 1, 'mbenazzi                      ', 'password', 'IDMAYVLJ-------', 1, NULL),
(1712, 1, 'cbencivenni                   ', 'password', 'DL-------------', 1, NULL),
(1713, 1, 'bbenini                       ', 'password', 'L--------------', 1, NULL),
(1714, 1, 'lbiondini                     ', 'password', 'IPL------------', 1, NULL),
(1716, 1, 'aboschetti                    ', 'password', 'ADEFGIKLMPVWYZ-', 1, NULL),
(1717, 1, 'mbraccioli                    ', 'password', 'L--------------', 1, NULL),
(1718, 1, 'pbratti                       ', 'password', 'L--------------', 1, NULL),
(1719, 1, 'mbuttaro                      ', 'password', 'ACDGILMNY------', 1, NULL),
(1720, 1, 'mcalvi                        ', 'password', 'DMAYWCPL-------', 1, NULL),
(1721, 1, 'fcanonici                     ', 'password', 'AGILMY---------', 1, NULL),
(1722, 1, 'acappelli                     ', 'password', 'L--------------', 1, NULL),
(1723, 1, 'mcilotti                      ', 'password', 'L--------------', 1, NULL),
(1725, 1, 'adifenza                      ', 'password', 'L--------------', 1, NULL),
(1726, 1, 'pdigaetano                    ', 'password', 'L--------------', 1, NULL),
(1727, 1, 'afabbri                       ', 'password', 'L--------------', 1, NULL),
(1728, 1, 'sfagnoli                      ', 'password', 'L--------------', 1, NULL),
(1729, 1, 'afantini                      ', 'password', 'IDYPLNJ--------', 1, NULL),
(1730, 1, 'aferrari                      ', 'password', 'L--------------', 1, NULL),
(1733, 1, 'tgalletti                     ', 'password', 'L--------------', 1, NULL),
(1734, 1, 'sgasperoni                    ', 'password', 'L--------------', 1, NULL),
(1735, 1, 'ggiorgetti                    ', 'password', 'L--------------', 1, NULL),
(1736, 1, 'agiuliani                     ', 'password', 'IDMGAYWVCPL----', 1, NULL),
(1738, 1, 'mgollinucci                   ', 'password', 'L--------------', 1, NULL),
(1739, 1, 'aguerra                       ', 'password', 'L--------------', 1, NULL),
(1740, 1, 'aincerti                      ', 'password', 'ML-------------', 1, NULL),
(1742, 1, 'elanzoni                      ', 'password', 'L--------------', 1, NULL),
(1743, 1, 'pliguori                      ', 'password', 'L--------------', 1, NULL),
(1744, 1, 'plongo                        ', 'password', 'L--------------', 1, NULL),
(1745, 1, 'emantovani                    ', 'password', 'IDMAYPL--------', 1, NULL),
(1746, 1, 'fmarezzi                      ', 'password', 'L--------------', 1, NULL),
(1747, 1, 'amargheritini                 ', 'password', 'L--------------', 1, NULL),
(1748, 1, 'amartina                      ', 'password', 'L--------------', 1, NULL),
(1749, 1, 'rmatteucci                    ', 'password', 'L--------------', 1, NULL),
(1751, 1, 'kmontevecchi                  ', 'password', 'ACDGIJLMNPVWYZ-', 1, NULL),
(1753, 1, 'lmotta                        ', 'password', 'L--------------', 1, NULL),
(1754, 1, 'tolivoni                      ', 'password', 'L--------------', 1, NULL),
(1755, 1, 'spalladino                    ', 'password', 'L--------------', 1, NULL),
(1759, 1, 'epretolani                    ', 'password', 'L--------------', 1, NULL),
(1760, 1, 'frambaldi                     ', 'password', 'L--------------', 1, NULL),
(1763, 1, 'salghini                      ', 'password', 'ABDGIJLMPQWY---', 1, NULL),
(1764, 1, 'msalvatorelli                 ', 'password', 'ACDGIJLMVWYZ---', 1, NULL),
(1765, 1, 'ssavi                         ', 'password', 'L--------------', 1, NULL),
(1767, 1, 'ssilvestri                    ', 'password', 'L--------------', 1, NULL),
(1768, 1, 'esismondo                     ', 'password', 'L--------------', 1, NULL),
(1769, 1, 'lsisti                        ', 'password', 'IDMGAYWLQ------', 1, NULL),
(1770, 1, 'ctogni                        ', 'password', 'IDMPLN---------', 1, NULL),
(1772, 1, 'rturroni                      ', 'password', 'IDMLJ----------', 1, NULL),
(1773, 1, 'lutili                        ', 'password', 'L--------------', 1, NULL),
(1775, 1, 'evignali                      ', 'password', 'L--------------', 1, NULL),
(1776, 1, 'azoli                         ', 'password', 'L--------------', 1, NULL),
(1827, 1, 'grignaffini                   ', 'password', 'ACDGIMNPXYZ----', 1, NULL),
(1879, 1, 'lpicone                       ', 'password', 'IDML-----------', 1, NULL),
(1883, 1, 'dstefanelli                   ', 'password', 'ACDGIJLMVWYZ---', 1, NULL),
(1896, 1, 'mbriganti                     ', 'password', 'L--------------', 1, NULL),
(1897, 1, 'glagravinese                  ', 'password', 'L--------------', 1, NULL),
(1910, 3, 'testCiccio                    ', 'password', 'DM-------------', 1, NULL),
(1970, 3, 'vt_utente6                    ', 'password', 'AD-------------', 1, NULL),
(1977, 3, 'provaTreossi6                 ', 'password', 'C--------------', 1, NULL),
(1987, 1, 'matlombardi                   ', 'password', 'IDMGAYVPL------', 1, NULL),
(2016, 1, 'pdelsante                     ', 'password', 'L--------------', 1, NULL),
(2047, 1, 'misuraca                      ', 'password', 'ACDGIJLMNPTVYZ-', 1, NULL),
(2054, 1, 'mossette                      ', 'password', 'IMGAYCNQ-------', 1, NULL),
(2055, 1, 'margotti                      ', 'password', 'ACDGIJLMNPWYZ--', 1, NULL),
(2056, 1, 'gambino                       ', 'password', 'ACDGIJLMNPWYZ--', 1, NULL),
(2057, 1, 'benzi                         ', 'password', 'ABCDGIJLMNPY---', 1, NULL),
(2069, 1, 'spirito                       ', 'password', 'IDMPLNJ--------', 1, NULL),
(2076, 1, 'sorbello                      ', 'password', 'DIJLMN---------', 1, NULL),
(2077, 1, 'vicco                         ', 'password', 'DIJLMNP--------', 1, NULL),
(2085, 1, 'certego                       ', 'password', 'IDMAYPZ--------', 1, NULL),
(2087, 1, 'leardini                      ', 'password', 'ACDGIJLMNWYZ---', 1, NULL),
(2133, 1, 'sorint                        ', 'password', 'MZ-------------', 1, NULL),
(2141, 1, 'gavanelli                     ', 'password', 'ACDGIJLMNWYZ---', 1, NULL),
(2142, 1, 'tampieri                      ', 'password', 'IDMAYWCLNJ-----', 1, NULL),
(2143, 1, 'tabanelli                     ', 'password', 'ABCDGIJLMNVWYZ-', 1, NULL),
(2144, 1, 'rossig                        ', 'password', 'ABCDIJLMNPTWYZ-', 1, NULL),
(2185, 1, 'quadrani                      ', 'password', 'ADLMY----------', 1, NULL),
(2189, 1, 'bianchi                       ', 'password', 'IDMGAYCPLNJBQ--', 1, NULL),
(2223, 1, 'mcaruso                       ', 'password', 'IDMAYWCPL------', 1, NULL),
(2283, 1, 'casci                         ', 'password', 'IDMCPLN--------', 1, NULL),
(2285, 1, 'ctoni                         ', 'password', 'IDMGVCPLNJBQ---', 1, NULL),
(2298, 1, 'brizzi_S                      ', 'password', 'IDMPLNJ--------', 1, NULL),
(2299, 1, 'fontana_C                     ', 'password', 'ACDGIJLMNPWYZ--', 1, NULL),
(2300, 1, 'zampi                         ', 'password', 'DIJLMNP--------', 1, NULL),
(2334, 1, 'calcina                       ', 'password', 'L--------------', 1, NULL),
(2335, 1, 'vestrucci                     ', 'password', 'IDMPLNJ--------', 1, NULL),
(2343, 1, 'spongano                      ', 'password', 'IDMGAYWLQ------', 1, NULL),
(2373, 1, 'provitera                     ', 'password', 'IDMLNJ---------', 1, NULL),
(2375, 1, 'sirigu                        ', 'password', 'ACDGIJLMNVWYZ--', 1, NULL),
(2408, 1, 'carlomagno                    ', 'password', 'ACDGIJLMNPQYZ--', 1, NULL),
(2412, 1, 'piccolomini                   ', 'password', 'IDMPLNJ--------', 1, NULL),
(2422, 1, 'sala                          ', 'password', 'DIJLMNP--------', 1, NULL),
(2440, 1, 'vagnoni                       ', 'password', 'L--------------', 1, NULL),
(2466, 1, 'rodighiero                    ', 'password', 'L--------------', 1, NULL),
(2480, 1, 'spadiliero                    ', 'password', 'L--------------', 1, NULL),
(2481, 1, 'nzani                         ', 'password', 'L--------------', 1, NULL),
(2501, 1, 'Mminardi                      ', 'password', 'L--------------', 1, NULL),
(2522, 3, 'provaTreossi7                 ', 'password', 'MAYC-----------', 1, NULL),
(2532, 1, 'affuso                        ', 'password', 'ACDGILMWYZ-----', 1, NULL),
(2553, 1, 'monitor                       ', 'password', 'MW-------------', 1, NULL),
(2557, 1, 'canu                          ', 'password', 'ABCDGIJLMPQY---', 1, NULL),
(2582, 1, 'mangeletti                    ', 'password', 'IDMGAYCPLNJZBQ-', 1, NULL),
(2593, 1, 'mrossi                        ', 'password', 'ABEGIJLMNPQVWYZ', 1, NULL),
(2594, 1, 'zoffoli                       ', 'password', 'ABCDGIJLMNPQYZ-', 1, NULL),
(2595, 1, 'digiuliantonio                ', 'password', 'IDMGAYCPLNJZBQ-', 1, NULL),
(2596, 1, 'foschinif                     ', 'password', 'ABCDGIJLMNPQYZ-', 1, NULL),
(2597, 1, 'lippi                         ', 'password', 'ABCDGIJLMNPQYZ-', 1, NULL),
(2598, 1, 'magnanil                      ', 'password', 'ABCDGIJLMNPQYZ-', 1, NULL),
(2600, 1, 'milanesi                      ', 'password', 'ABCDGIJLMNPQWYZ', 1, NULL),
(2601, 1, 'belletti                      ', 'password', 'ABCDGIJLMNPQYZ-', 1, NULL),
(2667, 1, 'xamarin                       ', 'password', 'AMY------------', 1, NULL),
(2709, 1, 'valmorra                      ', 'password', 'IDMGAYWQ-------', 1, NULL),
(2724, 1, 'gatto                         ', 'password', 'IDMCPNJQ-------', 1, NULL),
(2814, 1, 'medici                        ', 'password', 'GWL------------', 1, NULL),
(2861, 1, 'mbiccheri                     ', 'password', 'IDMGAYPNJZ-----', 1, NULL),
(2883, 1, 'celardo                       ', 'password', 'ACDGIJMPQWYZ---', 1, NULL),
(2902, 1, 'gasbarro                      ', 'password', 'ADILMY---------', 1, NULL),
(2911, 1, 'spennato                      ', 'password', 'DIJLMNP--------', 1, NULL),
(2912, 1, 'mbonfiglioli                  ', 'password', 'MGWL-----------', 1, NULL),
(2957, 1, 'rneri                         ', 'password', 'ACDGIJLMNPVWXYZ', 1, NULL),
(2958, 1, 'melilli                       ', 'password', 'IDMGAYWQ-------', 1, NULL),
(2981, 1, 'chiodini                      ', 'password', 'IDMGAYWVCNJZBQ-', 1, NULL),
(2989, 1, 'zangheri                      ', 'password', 'ACDGIMNPVWYZ---', 1, NULL),
(2990, 1, 'parmegiani                    ', 'password', 'IDMNJ----------', 1, NULL),
(3023, 1, 'app                           ', 'password', 'M--------------', 1, NULL),
(3031, 1, 'mgiovannini                   ', 'password', 'AIJMNP---------', 1, NULL),
(3032, 1, 'silvestri                     ', 'password', 'DIJMNY---------', 1, NULL),
(3036, 1, 'golfarelli                    ', 'password', 'ACDGIMWYZ------', 1, NULL),
(3037, 1, 'console                       ', 'password', 'ACDGIMWY-------', 1, NULL),
(3038, 1, 'pisano                        ', 'password', 'AGMY-----------', 1, NULL),
(3039, 1, 'mventuri                      ', 'password', 'AMY------------', 1, NULL),
(3040, 1, 'ebravi                        ', 'password', 'ACGIMWY--------', 1, NULL),
(3062, 1, 'bergianti                     ', 'password', 'ACDGIJMNQTVWYZ-', 1, NULL),
(3064, 1, 'murianni                      ', 'password', 'GM-------------', 1, NULL),
(3065, 1, 'jmonducci                     ', 'password', 'GM-------------', 1, NULL),
(3066, 1, 'ariboldi                      ', 'password', 'ACDGIJMNPQVWYZ-', 1, NULL),
(3067, 1, 'mezzalira                     ', 'password', 'ADIJLMNY-------', 1, NULL),
(3069, 1, 'decupertinis                  ', 'password', 'IMAYWPNJ-------', 1, NULL),
(3072, 1, 'cogo                          ', 'password', 'ADILMNY--------', 1, NULL),
(3075, 1, 'nanni                         ', 'password', 'ACDGIJLMNPVYZ--', 1, NULL),
(3079, 3, 'DPcompilator                  ', 'password', 'MG-------------', 1, NULL),
(3080, 3, 'DPsubscriber                  ', 'password', 'MG-------------', 1, NULL),
(3081, 3, 'DPuser                        ', 'password', 'MG-------------', 1, NULL),
(3082, 3, 'DPadmin                       ', 'password', 'MG-------------', 1, NULL),
(3083, 3, 'DPsuperadmin                  ', 'password', 'MG-------------', 1, NULL),
(3089, 1, 'michelangeletti               ', 'password', 'ACDGIMPQWYZ----', 1, NULL),
(3111, 1, 'valieri                       ', 'password', 'ACDGIJMNPQVWYZ-', 1, NULL),
(3116, 1, 'minnucci                      ', 'password', 'ACDGIJMPQVWYZ--', 1, NULL),
(3117, 1, 'sangiorgi                     ', 'password', 'DIJLMNP--------', 1, NULL),
(3118, 1, 'ncostantini                   ', 'password', 'ACDGIJMPQYZ----', 1, NULL),
(3121, 1, 'mbagnolini                    ', 'password', 'ACDGIMVWYZ-----', 1, NULL),
(3122, 1, 'balestra                      ', 'password', 'ACDGIJMVWYZ----', 1, NULL),
(3123, 1, 'belloni                       ', 'password', 'ACDGIJMVWYZ----', 1, NULL),
(3124, 1, 'biccheri                      ', 'password', 'ACDGIJMVWYZ----', 1, NULL),
(3125, 1, 'cappelli                      ', 'password', 'ACDGIJMVWYZ----', 1, NULL),
(3126, 1, 'dradi                         ', 'password', 'ACDGIJMVWYZ----', 1, NULL),
(3127, 1, 'fabbria                       ', 'password', 'ACDGIJMVWYZ----', 1, NULL),
(3128, 1, 'fagnoli                       ', 'password', 'ACDGIJMVWYZ----', 1, NULL),
(3129, 1, 'ffoschini                     ', 'password', 'ACDGIJMVWYZ----', 1, NULL),
(3130, 1, 'gamba                         ', 'password', 'ACDGIJMVWYZ----', 1, NULL),
(3131, 1, 'giorgioni                     ', 'password', 'ACDGIJMVWYZ----', 1, NULL),
(3132, 1, 'gobbi                         ', 'password', 'ACDGIJMVWYZ----', 1, NULL),
(3133, 1, 'agrillo                       ', 'password', 'ACDGIJMVWYZ----', 1, NULL),
(3134, 1, 'anguerra                      ', 'password', 'ACDGIJMVWYZ----', 1, NULL),
(3135, 1, 'lagravinese                   ', 'password', 'ACDGIJMVWYZ----', 1, NULL),
(3136, 1, 'lanzoni                       ', 'password', 'ACDGIJMVWYZ----', 1, NULL),
(3137, 1, 'lombardini                    ', 'password', 'ACDGIJMVWYZ----', 1, NULL),
(3138, 1, 'maiolani                      ', 'password', 'ACDGIJMVWYZ----', 1, NULL),
(3139, 1, 'gspagnolo                     ', 'password', 'ACDGIJMVWYZ----', 1, NULL),
(3140, 1, 'pspinelli                     ', 'password', 'ACDGIJMVWYZ----', 1, NULL),
(3141, 1, 'gvecchi                       ', 'password', 'ACDGIJMVWYZ----', 1, NULL),
(3142, 1, 'vesuviano                     ', 'password', 'ACDGIJMVWYZ----', 1, NULL);

--
-- Limiti per le tabelle scaricate
--

--
-- Limiti per la tabella `news_servizi`
--
ALTER TABLE `news_servizi`
  ADD CONSTRAINT `news_servizi_ibfk_1` FOREIGN KEY (`id_news`) REFERENCES `news` (`id_news`) ON DELETE CASCADE ON UPDATE CASCADE,
  ADD CONSTRAINT `news_servizi_ibfk_2` FOREIGN KEY (`id_servizio`) REFERENCES `servizi` (`id_servizio`) ON DELETE CASCADE ON UPDATE CASCADE;

--
-- Limiti per la tabella `servizi_utenti`
--
ALTER TABLE `servizi_utenti`
  ADD CONSTRAINT `servizi_utenti_ibfk_1` FOREIGN KEY (`id_servizio`) REFERENCES `servizi` (`id_servizio`) ON DELETE CASCADE ON UPDATE CASCADE,
  ADD CONSTRAINT `servizi_utenti_ibfk_2` FOREIGN KEY (`id_utente`) REFERENCES `utenti` (`id_utente`) ON DELETE CASCADE ON UPDATE CASCADE;

--
-- Limiti per la tabella `utenti`
--
ALTER TABLE `utenti`
  ADD CONSTRAINT `utenti_ibfk_1` FOREIGN KEY (`id_cliente`) REFERENCES `clienti` (`id_cliente`) ON DELETE SET NULL ON UPDATE CASCADE;
COMMIT;

/*!40101 SET CHARACTER_SET_CLIENT=@OLD_CHARACTER_SET_CLIENT */;
/*!40101 SET CHARACTER_SET_RESULTS=@OLD_CHARACTER_SET_RESULTS */;
/*!40101 SET COLLATION_CONNECTION=@OLD_COLLATION_CONNECTION */;
